,HDFS,HealthApp,Proxifier,Windows,Thunderbird,Zookeeper,BGL,Hadoop,OpenSSH,Apache,Mac,Linux,HPC,OpenStack,Spark,Android
F1_measure,0.9999803781522498,0.8639688564266107,0.7212477618526344,0.9992630906188991,0.999114726832123,0.995573912882778,0.9995538256610276,0.9958686627045192,0.996708480813452,1.0,0.9591340917849304,0.9923496299795308,0.8817470853955645,0.9069089490816903,0.9910182216313443,0.8545583839552598
Accuracy,0.9965,0.5675,0.5035,0.686,0.937,0.943,0.957,0.869,0.4765,1.0,0.7495,0.6725,0.757,0.252,0.905,0.5065
