F1_measure,dataset,Accuracy
HDFS,1.0,1.0
Hadoop,0.9999010594713346,0.992
Spark,0.9999783365204907,0.9965
Zookeeper,0.9997630991234667,0.9845
BGL,0.9998312258198531,0.9695
HPC,0.9922450433093963,0.9095
Thunderbird,0.9999801446265403,0.992
Windows,1.0,1.0
Linux,0.9899428582875515,0.869
Android,0.9741693253687186,0.8535
HealthApp,0.9934289916057107,0.901
Apache,1.0,1.0
Proxifier,0.9063170781448474,0.5165
OpenSSH,1.0,1.0
OpenStack,1.0,1.0
Mac,0.9760490383456446,0.84
