,HDFS,HealthApp,Proxifier,Windows,Thunderbird,Zookeeper,BGL,Hadoop,OpenSSH,Apache,Mac,Linux,HPC,OpenStack,Spark,Android
F1_measure,0.999980378229253,0.9581096219873069,0.412799730206587,0.9946086241157762,0.9998381891479519,0.9994619403259629,0.9991097099989784,0.9963769063487625,0.9989891211923261,1.0,0.9556766762649116,0.992351583119948,0.868127961753666,0.6973863851960056,0.9918756043483781,0.9137031396963318
Accuracy,0.9955,0.8215,0.0495,0.569,0.948,0.9615,0.939,0.954,0.925,1.0,0.6725,0.7305,0.683,0.323,0.92,0.6205
