,HealthApp,Proxifier,Windows,BGL,Thunderbird,Hadoop,HPC,OpenStack,HDFS,OpenSSH,Zookeeper,Mac,Linux,Apache,Spark
F1_measure,0.9581096219873069,0.7863975508554076,0.9946005320677412,0.9991097099989784,0.998711013628273,0.9963769063487625,0.9783789519425594,0.9111472742066721,1.0,0.9975877585130958,0.9994619403259629,0.9571845493562231,0.9641178132475879,1.0,0.9918756043483781
Accuracy,0.8215,0.5165,0.566,0.939,0.663,0.954,0.829,0.341,1.0,0.54,0.9615,0.6705,0.6715,1.0,0.92
