,HDFS,HealthApp,Proxifier,Windows,Thunderbird,Zookeeper,BGL,Hadoop,OpenSSH,Apache,Mac,Linux,HPC,OpenStack,Spark,Android
F1_measure,0.9741342522886658,0.39398393596103054,0.22896777721376085,0.9945944818524067,0.9997080477530601,0.9981348095203008,0.08311586517077602,0.9965386570637523,0.998087828397666,1.0,0.7095582643460879,0.9925567056581637,0.8677021744512059,0.5461695448904518,0.9890907666238969,0.9250196798740489
Accuracy,0.86,0.174,0.001,0.5655,0.943,0.8185,0.329,0.885,0.677,1.0,0.6855,0.7515,0.681,0.3775,0.885,0.726
