,HDFS,HealthApp,Proxifier,Windows,Thunderbird,Zookeeper,BGL,Hadoop,OpenSSH,Apache,Mac,Linux,HPC,OpenStack,Spark,Android
F1_measure,0.9995449749147809,0.9169753882668593,0.7192017321867583,0.910208455437525,0.9986573019023379,0.9984775373417939,0.9979016820570321,0.9981207404121467,0.8703498136830506,1.0,0.9365446055541903,0.6328881349226244,0.8646049039412407,0.555481019232895,0.9949011504081455,0.8315972879815159
Accuracy,0.885,0.5485,0.5035,0.592,0.6485,0.8385,0.854,0.9,0.5015,1.0,0.6835,0.454,0.6645,0.2,0.9375,0.3985
