,HDFS,HealthApp,Proxifier,Windows,Thunderbird,Zookeeper,BGL,Hadoop,OpenSSH,Apache,Mac,Linux,HPC,OpenStack,Spark,Android
F1_measure,0.9995449749147809,0.9169753882668593,0.8014801929938854,0.9102004419608776,0.9986573019023379,0.9984775373417939,0.9979016820570321,0.9981207404121467,0.9770157681434547,1.0,0.9335830335288223,0.5814370373494739,0.9758808655544402,0.9018971860395745,0.9999684897946323,0.9220508545227177
Accuracy,0.885,0.5485,0.0255,0.588,0.6485,0.8385,0.854,0.9,0.5005,1.0,0.599,0.2785,0.8165,0.2,0.9935,0.616
