,HDFS,HealthApp,Proxifier,Windows,Thunderbird,Zookeeper,BGL,Hadoop,OpenSSH,Apache,Mac,Linux,HPC,OpenStack,Spark,Android
F1_measure,1.0,0.29516229184307086,0.8133938871464091,0.9999044803380931,0.9821642039903352,0.4447374828388396,0.3993526805537738,0.22045682360000074,0.9363995213452064,1.0,0.028240838693036358,0.9258963994135638,0.1766372411125888,0.9357665093243164,0.22618302010343494,0.9920788420080073
Accuracy,1.0,0.179,0.495,0.9895,0.8125,0.4375,0.1275,0.0,0.4255,1.0,0.0,0.5185,0.0,0.787,0.002,0.9085
