,HDFS,HealthApp,Proxifier,Windows,Thunderbird,Zookeeper,BGL,Hadoop,OpenSSH,Apache,Mac,Linux,HPC,OpenStack,Spark,Android
F1_measure,1.0,0.19347498622940498,0.8133938871464091,0.9999044803380931,0.9821642039903352,0.9944067451879518,0.9429011154176767,0.22045682360000074,0.9363995213452064,1.0,0.34880174918726087,0.8750317786892764,0.7786280487189783,0.9357665093243164,0.731616857751733,0.9920971745705186
Accuracy,1.0,0.017,0.495,0.9895,0.8125,0.8545,0.6455,0.0,0.4255,1.0,0.3685,0.5015,0.574,0.787,0.6335,0.9105
