,HDFS,HealthApp,Proxifier,Windows,Thunderbird,Zookeeper,BGL,Hadoop,OpenSSH,Apache,Mac,Linux,HPC,OpenStack,Spark,Android
F1_measure,0.9518632773938795,0.7588658434240498,0.7616712734627987,0.907274736241802,0.9972329916512336,0.9242285516319815,0.9969653009979053,0.8856209444439445,0.931467494193649,0.9424179451084543,0.932405529610955,0.9218835866150908,0.9855787615440625,0.9873629242819842,0.9740479115479116,0.9839981775531188
Accuracy,0.546,0.5305,0.478,0.713,0.5985,0.7315,0.835,0.563,0.4255,0.7085,0.6035,0.6285,0.7875,0.6955,0.7985,0.7975
