,HDFS,HealthApp,Proxifier,Windows,Thunderbird,Zookeeper,BGL,Hadoop,OpenSSH,Apache,Mac,Linux,HPC,OpenStack,Spark,Android
F1_measure,0.9518632773938795,0.7588658434240498,0.4036843272119257,0.9072740280207038,0.8555796451638535,0.9242285516319815,0.9969653009979053,0.8856209444439445,0.6668387448680924,0.9424179451084543,0.6744755567877275,0.9218835866150908,0.8716200664842864,0.5379256486812094,0.9740479115479116,0.858404901263607
Accuracy,0.546,0.5305,0.001,0.7135,0.5985,0.7315,0.835,0.563,0.095,0.7085,0.596,0.6285,0.639,0.198,0.7985,0.514
