,HDFS,HealthApp,Proxifier,Windows,Thunderbird,Zookeeper,BGL,Hadoop,OpenSSH,Apache,Mac,Linux,HPC,OpenStack,Spark,Android
F1_measure,0.9805938265085691,0.917487138777488,0.6757263938929642,0.9999697101729549,0.9987747361313833,0.861386553521385,0.9712682205856141,0.995530019226376,0.5296744790617607,1.0,0.982016687684627,0.7866333956898575,0.8592634918016854,0.05478541343192678,0.8411961256190458,0.8361078932357974
Accuracy,0.9,0.684,0.5265,0.9895,0.9185,0.484,0.723,0.8695,0.1005,1.0,0.879,0.1455,0.6355,0.23,0.5755,0.419
