,HDFS,HealthApp,Proxifier,Windows,Thunderbird,Zookeeper,BGL,Hadoop,OpenSSH,Apache,Mac,Linux,HPC,OpenStack,Spark,Android
F1_measure,0.9095639522444264,0.5879347518793409,0.7504757482410789,0.913801173437504,0.849309985133964,0.9239359267734554,0.14053198341088166,0.7824904519258148,0.7526068423774493,0.6376648827292996,0.6448479132280124,0.5421004209683276,0.8818636950904392,0.5091791852096572,0.47969081176879147,0.8557567284166374
Accuracy,0.538,0.2665,0.5035,0.695,0.554,0.7235,0.2265,0.451,0.226,0.3125,0.557,0.361,0.7645,0.2835,0.282,0.5125
