,HDFS,HealthApp,Proxifier,Windows,Thunderbird,Zookeeper,BGL,Hadoop,OpenSSH,Apache,Mac,Linux,HPC,OpenStack,Spark,Android
F1_measure,0.9988377813186575,0.6140465064530486,0.8677705095391459,0.9144541206457094,0.9787210872712528,0.9968827987586448,0.23157475385578508,0.9871033703431329,0.8044421926724861,0.8620597871840512,0.7899001173957391,0.81225939116425,0.6956902335572633,0.7348341715185933,0.9511184173277079,0.7475609926794788
Accuracy,0.8495,0.235,0.0165,0.684,0.6935,0.738,0.273,0.6325,0.231,0.582,0.3905,0.161,0.3455,0.2805,0.5435,0.351
