Dataset,groupNum,F1_measure,Accuracy
HPC,8,0.2388264784810411,0.0
HPC,10,0.24054122735096828,0.0
HPC,15,0.422558470435753,0.0
HPC,25,0.439204492754924,0.0
HPC,30,0.4901486911344058,0.0
HPC,42,0.49802636300566977,0.0
HPC,46,0.4893984435476853,0.0
HPC,50,0.5088643453058351,0.0
HPC,200,0.6103808649682353,0.0335
HPC,250,0.6279753023520991,0.048
HPC,500,0.6936969696969696,0.3365
HPC,800,0.7409181025493463,0.354
HPC,900,0.7513818035696703,0.355
