Dataset,groupNum,F1_measure,Accuracy
Android,8,0.09147340143705675,0.0
Android,10,0.10348666918036907,0.0
Android,15,0.16672231465711954,0.0
Android,25,0.2625949292229138,0.0
Android,30,0.27990699624554516,0.0
Android,42,0.336085513777718,0.0
Android,46,0.3348107459151872,0.0
Android,50,0.3383024752057989,0.0
Android,200,0.5839938717966828,0.0825
Android,250,0.6624932384384895,0.1755
Android,500,0.788296394013717,0.487
Android,800,0.8418324460633232,0.5335
Android,900,0.8587330768404627,0.5475
