Dataset,groupNum,F1_measure,Accuracy
Mac,8,0.038886314067611776,0.0
Mac,10,0.03604853560707349,0.0
Mac,15,0.03489114818305773,0.0
Mac,25,0.09283195085290254,0.0
Mac,30,0.09317957166392092,0.0
Mac,42,0.2093301524306407,0.0
Mac,46,0.2211044217740541,0.0
Mac,50,0.23376915764721581,0.0
Mac,200,0.8854130275986914,0.347
Mac,250,0.9392793218736281,0.4775
Mac,500,0.9399800598205384,0.5105
Mac,800,0.5917491588238162,0.3915
Mac,900,0.4912124931449611,0.392
