Dataset,groupNum,F1_measure,Accuracy
Hadoop,8,0.8196691459475924,0.0
Hadoop,10,0.9410979862965533,0.0
Hadoop,15,0.9374829602253795,0.3035
Hadoop,25,0.9469676543422348,0.248
Hadoop,30,0.9871033703431329,0.6325
Hadoop,42,0.9885062543628091,0.604
Hadoop,46,0.9890600472927131,0.6075
Hadoop,50,0.9932620374554401,0.7535
Hadoop,200,0.8592321755027423,0.375
Hadoop,250,0.8487614806568327,0.3605
Hadoop,500,0.6740432541125634,0.224
Hadoop,800,0.6248209626380947,0.2705
Hadoop,900,0.6175514384343406,0.2695
