Dataset,groupNum,F1_measure,Accuracy
HDFS,8,0.790677181186188,0.6135
HDFS,10,0.9490947167241046,0.492
HDFS,15,0.9917665351791699,0.8495
HDFS,25,0.9095748322607148,0.5385
HDFS,30,0.9349238061005274,0.5385
HDFS,42,0.9095141709067412,0.5385
HDFS,46,0.90958261658408,0.5405
HDFS,50,0.9095748322607148,0.5385
HDFS,200,0.829738281447328,0.407
HDFS,250,0.8231066938843371,0.3495
HDFS,500,0.8094013320344713,0.3495
HDFS,800,0.8056682344063796,0.3495
HDFS,900,0.8056150547210049,0.3495
