Dataset,groupNum,F1_measure,Accuracy
BGL,8,0.28954949821128945,0.0
BGL,10,0.31056163917298263,0.0
BGL,15,0.36360323923519067,0.0
BGL,25,0.48335690207619914,0.0
BGL,30,0.4650024950812456,0.0
BGL,42,0.573418375925341,0.0
BGL,46,0.5951388128671848,0.0
BGL,50,0.6160975324984735,0.0
BGL,200,0.8151396844589724,0.003
BGL,250,0.8566686825294212,0.0185
BGL,500,0.9349166575154656,0.2265
BGL,800,0.9525627270752459,0.194
BGL,900,0.9546929599369919,0.199
