,HDFS,Hadoop,Spark,Zookeeper,BGL,HPC,Thunderbird,Windows,Linux,Andriod,HealthApp,Apache,Proxifier,OpenSSH,OpenStack,Mac
F1_measure,0.9999843025834023,0.9954612201308237,0.5091676722480101,0.9545027274322709,0.9995504436326103,0.981761532998516,0.9986234150637155,0.9122759510809392,0.7309668976039992,0.8588987138692122,0.7942561121842014,1.0,0.7426281516112874,0.9975895788058106,0.7267911238085857,0.9526699906062577
Accuracy,0.9975,0.8705,0.418,0.839,0.96,0.852,0.6505,0.405,0.287,0.6655,0.4,1.0,0.013,0.54,0.213,0.6665
