,HDFS,Hadoop,Spark,Zookeeper,BGL,HPC,Thunderbird,Windows,Linux,Android,HealthApp,Apache,Proxifier,OpenSSH,OpenStack,Mac
F1_measure,0.6705187534890515,0.8871480523207584,0.8680339555594551,0.9998021569493521,0.1416050909310251,0.8656916429842193,0.9979528661862831,0.999939418510907,0.3123007730278766,0.8685941281700515,0.3518004768367969,1.0,0.6898339587187621,0.9156372742397475,0.7561282246652878,0.9749137660708685
Accuracy,0.28,0.6115,0.6835,0.985,0.4525,0.6845,0.6515,0.987,0.2355,0.534,0.175,1.0,0.5265,0.6205,0.288,0.8335
