,HDFS,HealthApp,Proxifier,Windows,Thunderbird,Zookeeper,BGL,Hadoop,OpenSSH,Apache,Mac,Linux,HPC,OpenStack,Spark,Android
F1_measure,0.9999843025834023,0.8424706541337706,0.7472487862496153,0.9150696220050278,0.9262362882378982,0.8287256319489456,0.9794418384146882,0.9975130047864069,0.9226741354115927,1.0,0.958240828840258,0.6738720538720538,0.5413360738826676,0.771342311366577,0.9906631534803491,0.6855604900883598
Accuracy,0.9975,0.397,0.011,0.7005,0.5335,0.368,0.348,0.867,0.119,1.0,0.695,0.217,0.3245,0.2055,0.906,0.196
