,HDFS,HealthApp,Proxifier,Windows,Thunderbird,Zookeeper,BGL,Hadoop,OpenSSH,Apache,Mac,Linux,HPC,OpenStack,Spark,Android
F1_measure,0.9653627583595917,0.8119140158121663,0.3633620525712381,0.9070957297330319,0.9872093217433672,0.9237658625362255,0.9552471684061185,0.8108243242419253,0.817879291763557,0.9428966543733001,0.8959768031895614,0.5562477019447397,0.8674061825494296,0.4821365079365079,0.7962971673706689,0.8324856715936274
Accuracy,0.6135,0.331,0.0125,0.6935,0.598,0.7255,0.5725,0.4225,0.272,0.7305,0.5555,0.2965,0.6925,0.3695,0.6105,0.4755
