,HDFS,HealthApp,Proxifier,Windows,Thunderbird,Zookeeper,BGL,Hadoop,OpenSSH,Apache,Mac,Linux,HPC,OpenStack,Spark,Android
F1_measure,0.9658122018678019,0.8119140158121663,0.7757994582332226,0.9070620710368675,0.9883342703988367,0.9237658625362255,0.9552471684061185,0.8108243242419253,0.9755285982467639,0.9428966543733001,0.8824706600637677,0.5562477019447397,0.9794325207119965,0.9735865339410034,0.8045595825839661,0.9836520082320107
Accuracy,0.545,0.331,0.518,0.6965,0.882,0.7255,0.5725,0.4225,0.521,0.7305,0.5575,0.2965,0.8385,0.867,0.685,0.8815
