,HDFS,HealthApp,Proxifier,Windows,Thunderbird,Zookeeper,BGL,Hadoop,OpenSSH,Apache,Mac,Linux,HPC,OpenStack,Spark,Android
F1_measure,0.6714094666565867,0.8866740494647471,0.6742352107489367,0.9999650504438594,0.994456266375956,0.922929420304576,0.14058787345161566,0.9201974522987065,0.8355702781426695,1.0,0.9641202903560318,0.3432932377024967,0.8787991875315145,0.47902500700088707,0.9910182216313443,0.918848582525298
Accuracy,0.28,0.639,0.511,0.988,0.8435,0.776,0.426,0.7775,0.428,1.0,0.763,0.1505,0.6565,0.23,0.905,0.6005
