,BGL,Android,OpenStack,HDFS,Apache,HPC,Windows,HealthApp,Mac,Spark
F1_Measure,0.9997857094154738,0.9944773781368061,0.9999349488797425,0.9999843025834023,1.0,0.9943663852427025,0.9999976700675913,0.9947033007684418,0.7494478846403672,0.9999960611157285
Accuracy_PA,0.981,0.926,0.9785,0.9975,1.0,0.938,0.9985,0.875,0.8275,0.998
