,BGL,Android,OpenStack,HDFS,Apache,HPC,Windows,HealthApp,Mac,Spark
F1_Measure,0.9999431892884214,0.9726876780760878,0.999770629555705,0.9999843025834023,1.0,0.9943818782192505,0.9999965051054585,0.9952986193900704,0.7494751423067765,0.9999980305539855
Accuracy_PA,0.9855,0.822,0.979,0.9975,1.0,0.944,0.9975,0.8755,0.824,0.999
