,BGL,Android,OpenStack,HDFS,Apache,HPC,Windows,HealthApp,Mac,Spark
F1_Measure,0.9997840863524717,0.9727138087707408,0.9998654781699738,0.9999823403716762,1.0,0.9943668191784902,0.9999848551746955,0.9964842029777189,0.7495237270523035,0.9999960611157285
Accuracy_PA,0.9805,0.824,0.9895,0.9965,1.0,0.945,0.996,0.8765,0.825,0.998
