,BGL,Android,OpenStack,HDFS,Apache,HPC,Windows,HealthApp,Mac,Spark
F1_Measure,0.9999870153478588,0.9726819165960652,0.9938593831700961,0.9999843025834023,1.0,0.9942814884050566,0.9999988350324386,0.9946485993761108,0.7492963844988092,0.9999980305539855
Accuracy_PA,0.9955,0.8275,0.832,0.9975,1.0,0.926,0.999,0.8075,0.818,0.999
