,BGL,Android,OpenStack,HDFS,Apache,HPC,Windows,HealthApp,Mac,Spark
F1_Measure,0.9997743436891723,0.9727185434827632,0.9977113423666374,0.9999843025834023,1.0,0.9943690541911132,0.9999871852971091,0.9958922558922559,0.7493180932588648,0.9999980305539855
Accuracy_PA,0.978,0.825,0.883,0.9975,1.0,0.94,0.9925,0.876,0.818,0.999
