,BGL,Android,OpenStack,HDFS,Apache,HPC,Windows,HealthApp,Mac,Spark
F1_Measure,0.9997581054952263,0.972702628078014,0.9981027843813899,0.9999843025834023,1.0,0.9944051167890147,0.9999918451510686,0.9952986193900704,0.7495454151874622,0.9999960611157285
Accuracy_PA,0.9715,0.823,0.914,0.9975,1.0,0.9465,0.996,0.8755,0.827,0.998
