,BGL,Android,OpenStack,HDFS,Apache,HPC,Windows,HealthApp,Mac,Spark
F1_Measure,0.9997857087197072,0.9726557842085114,0.9986194221846625,0.9999843025834023,1.0,0.9943846045215873,0.9999895152186601,0.9964842029777189,0.7495237270523035,0.9999960611157285
Accuracy_PA,0.9795,0.8205,0.9045,0.9975,1.0,0.945,0.9945,0.8765,0.827,0.998
