,BGL,Android,OpenStack,HDFS,Apache,HPC,Windows,HealthApp,Mac,Spark
F1_Measure,0.9997808373959587,0.9727497520993109,0.9905568975128076,0.998842958647067,1.0,0.9943719253561194,0.9999965051054585,0.9964817880794702,0.7493017515751187,0.9999980305539855
Accuracy_PA,0.9795,0.828,0.3095,0.8515,1.0,0.9455,0.9975,0.8755,0.8215,0.999
