,BGL,Android,OpenStack,HDFS,Apache,HPC,Windows,HealthApp,Mac,Spark
F1_Measure,0.9999805230217882,0.9727877494665496,0.9999327436087133,0.9999823403716762,1.0,0.9942454504135521,0.9999988350324386,0.9947033007684418,0.7496590687706994,0.9999960611157285
Accuracy_PA,0.9925,0.8265,0.978,0.9975,1.0,0.9345,0.999,0.875,0.83,0.998
