,BGL,Android,OpenStack,HDFS,Apache,HPC,Windows,HealthApp,Mac,Spark
F1_Measure,0.9997759696617466,0.9726262943206777,0.9976089483563726,0.9999843025834023,1.0,0.9944102233599771,0.9999895152186601,0.9947033007684418,0.7495995497640591,0.9999960611157285
Accuracy_PA,0.9765,0.823,0.85,0.9975,1.0,0.947,0.9945,0.875,0.8275,0.998
